studyCenter,equivalence,count,equals
.,.,2,TRUE
1To1,1To1,2,TRUE
3 Dev,3 Dev,2,TRUE
3Dev Business Consulting Sac(Scrum.Org),3Dev Business Consulting Sac(Scrum.Org),1,TRUE
6Sigma Study,6Sigma Study,3,TRUE
6Sigmastudy,6Sigmastudy,2,TRUE
Abaccus,Abaccus,1,TRUE
Ac Enginering/Electronets C.A,Ac Enginering/Electronets C.A,6,TRUE
Academia Internacional Swat,Academia Internacional Swat,1,TRUE
Academia Moviles,Academia Moviles,1,TRUE
Academia Project Now,Academia Project Now,1,TRUE
Academiamoviles,Academiamoviles,5,TRUE
Academias Moviles,Academias Moviles,1,TRUE
Academico Tecnicas- Cp,Academico Tecnicas- Cp,2,TRUE
Acamica,Acamica,1,TRUE
Acpb Britanico,Acpb Britanico,1,TRUE
Acronis Cyberfit Academy,Acronis Cyberfit Academy,2,TRUE
Acti Sac,Acti Sac,3,TRUE
Adex,Adex,1,TRUE
Adex Educacion Continua,Adex Educacion Continua,1,TRUE
Aduanec,Aduanec,1,TRUE
Aenor Peru,Aenor Peru,1,TRUE
Agile Wise Corp.,Agile Wise Corp.,1,TRUE
Ajys,Ajys,1,TRUE
Alison,Alison,1,TRUE
Alura Latam,Alura Latam,1,TRUE
Amazon Web Service,Amazon Web Service,3,TRUE
Amazon Web Services,Amazon Web Services,1,TRUE
American Institute,American Institute,1,TRUE
"Andrew Ng, Coursera","Andrew Ng, Coursera",1,TRUE
Apecose,Apecose,1,TRUE
Apem,Apem,1,TRUE
Area 51,Area 51,1,TRUE
Area 51 Training Center,Area 51 Training Center,1,TRUE
Area51 Training Center,Area51 Training Center,1,TRUE
Asbanc,Asbanc,1,TRUE
Asociacion Automotriz Del Peru,Asociacion Automotriz Del Peru,1,TRUE
Asociacion Cultural Peruano Britanica,Asociacion Cultural Peruano Britanica,15,TRUE
Asociacion Peruana De Estudiantes De Marketing,Asociacion Peruana De Estudiantes De Marketing,1,TRUE
Asopdes Hekal,Asopdes Hekal,1,TRUE
Atlantic International University,Atlantic International University,1,TRUE
Auraportal Training School (Bpm),Auraportal Training School (Bpm),1,TRUE
Autodesk Curses,Autodesk Curses,1,TRUE
Autodidacta,Autodidacta,1,TRUE
Autonoma Del Peru,Autonoma Del Peru,1,TRUE
Autoprocesos,Autoprocesos,2,TRUE
Autotec Peru Corporation S.A.C,Autotec Peru Corporation S.A.C,1,TRUE
Avansys - Cibertec,Avansys - Cibertec,1,TRUE
Aws,Aws,1,TRUE
Aws Certified,Aws Certified,1,TRUE
Aws Education,Aws Education,1,TRUE
Aws University,Aws University,1,TRUE
Axelo,Axelo,1,TRUE
Axelos,Axelos,3,TRUE
Axelos Global Best Practice,Axelos Global Best Practice,1,TRUE
"Axelos, Pmc","Axelos, Pmc",1,TRUE
B.Soft,B.Soft,1,TRUE
Be Cert,Be Cert,1,TRUE
Beihang University,Beihang University,1,TRUE
Bertrand Rusell,Bertrand Rusell,1,TRUE
Bi64Pro,Bi64Pro,1,TRUE
Big Data Academy,Big Data Academy,3,TRUE
Big Data Academy Peru,Big Data Academy Peru,2,TRUE
Bigdata Academy,Bigdata Academy,1,TRUE
Bitel,Bitel,1,TRUE
Boston University,Boston University,1,TRUE
Britanico,Britanico,1,TRUE
Brother Escuela De Creativos,Brother Escuela De Creativos,1,TRUE
Bs Group,Bs Group,1,TRUE
Bs Grupo,Bs Grupo,9,TRUE
Bsg Instiitute,Bsg Instiitute,1,TRUE
Bsg Institute,Bsg Institute,9,TRUE
Bsgroup,Bsgroup,1,TRUE
Bsgrupo,Bsgrupo,2,TRUE
Bureau Veritas Quality International,Bureau Veritas Quality International,1,TRUE
C.U. De Caracas,C.U. De Caracas,1,TRUE
C.U. Fermin Toro,C.U. Fermin Toro,1,TRUE
Cabos - Gestion Humana Y Empresarial,Cabos - Gestion Humana Y Empresarial,2,TRUE
Cac-Ti,Cac-Ti,6,TRUE
Cac-Ti - Mentoris - Arcitura Soapcp,Cac-Ti - Mentoris - Arcitura Soapcp,2,TRUE
Calidad Conceptos,Calidad Conceptos,2,TRUE
Camara De Comercio,Camara De Comercio,3,TRUE
Camara De Comercio De Lima,Camara De Comercio De Lima,11,TRUE
Camara De Comercio Del Peru,Camara De Comercio Del Peru,2,TRUE
Camara De Comercio Empresarial,Camara De Comercio Empresarial,3,TRUE
Camara De Comercio Nacional,Camara De Comercio Nacional,1,TRUE
Camara Del Comercio Del Peru,Camara Del Comercio Del Peru,1,TRUE
Camara Nacional De Comercio Del Peru,Camara Nacional De Comercio Del Peru,1,TRUE
Camara Peruana De Comercio Exterior,Camara Peruana De Comercio Exterior,1,TRUE
Camara Peruana De Sst,Camara Peruana De Sst,2,TRUE
Cambridge International Consulting,Cambridge International Consulting,1,TRUE
Camex,Camex,1,TRUE
Campus Innova Traning,Campus Innova Traning,1,TRUE
Campus Romero,Campus Romero,2,TRUE
Campus Virtual Romero,Campus Virtual Romero,2,TRUE
Campusmvp,Campusmvp,1,TRUE
Canvia,Canvia,1,TRUE
Capacity,Capacity,1,TRUE
Capacity Academy Mx,Capacity Academy Mx,5,TRUE
Capedu,Capedu,1,TRUE
Carnegie Mellon University (Pa),Carnegie Mellon University (Pa),1,TRUE
Caterpillar Financial,Caterpillar Financial,1,TRUE
Catolica Sedes Sapientiae,Catolica Sedes Sapientiae,1,TRUE
Ccance,Ccance,2,TRUE
Ccbp - Centro Cultural Brasil - Peru,Ccbp - Centro Cultural Brasil - Peru,1,TRUE
Ccl - Educa Webinar,Ccl - Educa Webinar,1,TRUE
Ceadem,Ceadem,1,TRUE
Cecitel - Especialistas En Capacitacion Telefonica,Cecitel - Especialistas En Capacitacion Telefonica,2,TRUE
Cedhinfo,Cedhinfo,5,TRUE
Ceglo,Ceglo,2,TRUE
Celeritech,Celeritech,3,TRUE
Cenap - Centro Nacional De Administracion Publica,Cenap - Centro Nacional De Administracion Publica,1,TRUE
Cenap - Peru,Cenap - Peru,1,TRUE
Centre For Development In Advanced Computing,Centre For Development In Advanced Computing,2,TRUE
Centro,Centro,1,TRUE
Centro Cultural De La Pontificia Universidad Catolica,Centro Cultural De La Pontificia Universidad Catolica,2,TRUE
Centro De Capacitacion - Gruporppsac,Centro De Capacitacion - Gruporppsac,3,TRUE
Centro De Estudios Cgi - Gestion E Innovacion,Centro De Estudios Cgi - Gestion E Innovacion,1,TRUE
Centro De Extension Fiis Unmsm,Centro De Extension Fiis Unmsm,7,TRUE
Centro De Formacion En Turismo - Cenfotur,Centro De Formacion En Turismo - Cenfotur,1,TRUE
Centro De Idiomas De La Universidad Del Pacifico,Centro De Idiomas De La Universidad Del Pacifico,6,TRUE
Centro De Instruccion Fotografica,Centro De Instruccion Fotografica,1,TRUE
Centro Gold Sap Partner,Centro Gold Sap Partner,3,TRUE
Centro Peruano De Estudios Gubernamentales,Centro Peruano De Estudios Gubernamentales,1,TRUE
Centro Tecnologico Minero,Centro Tecnologico Minero,1,TRUE
Centrum,Centrum,9,TRUE
Centrum - Universidad Catolica,Centrum - Universidad Catolica,1,TRUE
Centrum Business School,Centrum Business School,1,TRUE
Centrum Catolica,Centrum Catolica,7,TRUE
Centrum Catolica Business School,Centrum Catolica Business School,1,TRUE
Centrum Graduate Business School,Centrum Graduate Business School,1,TRUE
Centrum- Pontificia Universidad Catolica Del Peru,Centrum- Pontificia Universidad Catolica Del Peru,1,TRUE
Centrum Pucp,Centrum Pucp,2,TRUE
Ceo Academy,Ceo Academy,1,TRUE
Cepd,Cepd,1,TRUE
Cepea,Cepea,1,TRUE
Ceps - Uni,Ceps - Uni,2,TRUE
Ceps Uni,Ceps Uni,2,TRUE
Ceps Uni - Centro De Extension Y Proyeccion...,Ceps Uni - Centro De Extension Y Proyeccion...,1,TRUE
Ceps-Uni,Ceps-Uni,1,TRUE
Cerem Business School,Cerem Business School,1,TRUE
Certero,Certero,7,TRUE
Certero Peru,Certero Peru,2,TRUE
Certi,Certi,2,TRUE
Certiport,Certiport,1,TRUE
Certiprof,Certiprof,31,TRUE
"Certiprof, Llc",Certiprof,1,FALSE
Certus,Certus,3,TRUE
Cesap Altos Estudios,Cesap Altos Estudios,4,TRUE
Cesar Vallejo,Cesar Vallejo,1,TRUE
Cesca,Cesca,11,TRUE
Ceti,Ceti,1,TRUE
Cetpro Peruano Canadiense,Cetpro Peruano Canadiense,1,TRUE
Cetrum Pucp,Cetrum Pucp,1,TRUE
Ceujap,Ceujap,2,TRUE
Cevatec,Cevatec,1,TRUE
Cfa Institute,Cfa Institute,1,TRUE
Cgi,Cgi,1,TRUE
Cgi - Gestion Y Sistemas,Cgi - Gestion Y Sistemas,1,TRUE
Chio Lecca Instituto De Diseno De Moda,Chio Lecca Instituto De Diseno De Moda,1,TRUE
Cibertec,Instituto Cibertec,129,FALSE
Cicex,Cicex,1,TRUE
Cimas,Cimas,2,TRUE
"Cipsa, Centro De Estudios Informatica, Barcelona","Cipsa, Centro De Estudios Informatica, Barcelona",3,TRUE
Circulo Sistemico Emocional,Circulo Sistemico Emocional,1,TRUE
Cis - Sap Partner,Cis - Sap Partner,1,TRUE
Cisco - Networking Academy,Cisco - Networking Academy,2,TRUE
Cisco Networking Academy,Cisco Networking Academy,2,TRUE
Cisco Systems,Cisco Systems,1,TRUE
Cjava,Cjava,4,TRUE
Cjavaperu,Cjavaperu,1,TRUE
Clinica De Agilidad,Clinica De Agilidad,1,TRUE
Club De Teatro De Lima,Club De Teatro De Lima,1,TRUE
Coderhouse,Coderhouse,6,TRUE
Codigo Tecsup,Codigo Tecsup,1,TRUE
Colegiado Ing. En Sistemas,Colegiado Ing. En Sistemas,1,TRUE
Colegio De Abogados Del Callao,Colegio De Abogados Del Callao,2,TRUE
Colegio De Contadores De Piura,Colegio De Contadores De Piura,1,TRUE
Colegio De Economistas De La Libertad,Colegio De Economistas De La Libertad,1,TRUE
Colegio De Ingeniero Del Peru,Colegio De Ingenieros Del Peru,1,FALSE
Colegio De Ingenieros Cd Lambayeque,Colegio De Ingenieros De Lima,1,FALSE
Colegio De Ingenieros De Lima,Colegio De Ingenieros De Lima,2,TRUE
Colegio De Ingenieros Del Peru,Colegio De Ingenieros Del Peru,14,TRUE
Colegio De Ingenieros Del Peru - Consejo Departamental De Lima,Colegio De Ingenieros Del Peru,1,FALSE
Colegio De Ingenieros Del Peru-Cdl Ip,Colegio De Ingenieros Del Peru,1,FALSE
Colegio De Ingenieros Del Peu,Colegio De Ingenieros Del Peru,3,FALSE
Colegio De Ingenierosdel Peru,Colegio De Ingenieros Del Peru,1,FALSE
Colegio De Periodistas De Lima,Colegio De Periodistas De Lima,1,TRUE
Colegio De Trabajadores Sociales Del Peru,Colegio De Trabajadores Sociales Del Peru,1,TRUE
Columbia - Escuela Hotelera Y Alta Cocina,Columbia - Escuela Hotelera Y Alta Cocina,1,TRUE
Compueducacion,Compueducacion,1,TRUE
Computronic,Computronic,4,TRUE
Comunidad Andina,Comunidad Andina,1,TRUE
Comunidad De La Univ. Continental Pmi.,Comunidad De La Univ. Continental Pmi.,1,TRUE
Comunidad Independiente,Comunidad Independiente,1,TRUE
Concordia University (Montreral-Canada)),Concordia University (Montreral-Canada)),1,TRUE
Consulting Group - Proaptivo,Consulting Group - Proaptivo,1,TRUE
Contacta Gestores,Contacta Gestores,1,TRUE
Contadores Del Peru,Contadores Del Peru,1,TRUE
Copc Inc. Certification,Copc Inc. Certification,1,TRUE
Corporacion Sapia,Corporacion Sapia,2,TRUE
Cosapi Data,Cosapi Data,4,TRUE
Coursea: Pontifica Universidad Catolica De Chile,Coursea: Pontifica Universidad Catolica De Chile,1,TRUE
Coursera,Coursera,2,TRUE
Crehana,Crehana,4,TRUE
Creser Latinoamerica,Creser Latinoamerica,1,TRUE
Ct Brasil,Ct Brasil,1,TRUE
Ctic - Uni,Ctic - Uni,5,TRUE
Ctic Uni,Ctic Uni,2,TRUE
Ctic-Uni,Ctic-Uni,1,TRUE
Cuartel De Ventas,Cuartel De Ventas,1,TRUE
Curso Por Empresa Viajes Pacificos Sac,Curso Por Empresa Viajes Pacificos Sac,1,TRUE
Curso Por Internet,Curso Por Internet,1,TRUE
Cursos Udemy,Cursos Udemy,4,TRUE
Data Consulting Sac,Data Consulting Sac,3,TRUE
Data Mining Consulting,Data Mining Consulting,6,TRUE
Data Mining Consulting Peru,Data Mining Consulting Peru,1,TRUE
Db Learner,Db Learner,1,TRUE
Deeplearning.Ai,Deeplearning.Ai,2,TRUE
Desarrollo Global,Desarrollo Global,1,TRUE
Devops Institute,Devops Institute,1,TRUE
Dharma Consulting,Dharma Consulting,7,TRUE
Dharma Consulting.,Dharma Consulting.,4,TRUE
Diez Talentos,Diez Talentos,1,TRUE
Digital Brand Peru,Digital Brand Peru,1,TRUE
Diplomados Rebagliati,Diplomados Rebagliati,1,TRUE
Discovey Fast,Discovey Fast,1,TRUE
Disenador Web / Grafico,Disenador Web / Grafico,1,TRUE
Dmc,Dmc,6,TRUE
Dmc - Data Mining Consulting,Dmc - Data Mining Consulting,2,TRUE
Dmc Consulting,Dmc Consulting,2,TRUE
Dmc Peru,Dmc Peru,2,TRUE
Domestika,Domestika,1,TRUE
Dragonjar,Dragonjar,1,TRUE
Eada,Eada,1,TRUE
Eada - Barcelona,Eada - Barcelona,1,TRUE
Eada - Business School Barcelona,Eada - Business School Barcelona,1,TRUE
Eada Business School,Eada Business School,5,TRUE
Eada Business School Barcelona,Eada Business School Barcelona,7,TRUE
Eada Business School-Barcelona,Eada Business School-Barcelona,1,TRUE
Eae Business School,Eae Business School,8,TRUE
Ealde,Ealde,1,TRUE
Ealde Business School,Ealde Business School,2,TRUE
Ebd,Ebd,2,TRUE
Ec Dublin School,Ec Dublin School,1,TRUE
Ed Team,Ed Team,1,TRUE
Eddis,Eddis,1,TRUE
Educacionit,Educacionit,1,TRUE
Edutin Academy,Edutin Academy,1,TRUE
Edutronic,Edutronic,2,TRUE
Edutronic Global Service,Edutronic Global Service,1,TRUE
Elearning &Amp; Certificaciones Itc,Elearning &Amp; Certificaciones Itc,2,TRUE
Electrotec,Electrotec,2,TRUE
Emprendedores Usil,Emprendedores Usil,1,TRUE
Encape,Encape,1,TRUE
Eneb,Eneb,1,TRUE
Enei,Enei,1,TRUE
Engine Tech,Engine Tech,1,TRUE
Enterprice Group,Enterprice Group,3,TRUE
Entrenamiento Certero,Entrenamiento Certero,2,TRUE
Entrenamiento Certero Institute,Entrenamiento Certero Institute,1,TRUE
Eobs - Universidad Rey Juan Carlos De Espana,Eobs - Universidad Rey Juan Carlos De Espana,2,TRUE
Eoi - Escuela De Negocios - Espana,Eoi - Escuela De Negocios - Espana,1,TRUE
Ep Neumann: Escuela De Postgrado,Ep Neumann: Escuela De Postgrado,1,TRUE
Epe - Upc (Universidad De Ciencias Aplicadas),Epe - Upc (Universidad De Ciencias Aplicadas),1,TRUE
Equilibrium Financiero,Equilibrium Financiero,1,TRUE
Esan,Universidad Esan,31,FALSE
Esan Graduate School Of Business,Esan Graduate School Of Business,2,TRUE
Esan-La Salle Universidad Ramon Llull,Esan-La Salle Universidad Ramon Llull,1,TRUE
Escola Politecnica Da Universidade De Sao Paulo,Escola Politecnica Da Universidade De Sao Paulo,1,TRUE
Escuela America De Innovacion,Escuela America De Innovacion,1,TRUE
Escuela De Arte Digital - Ead,Escuela De Arte Digital - Ead,1,TRUE
Escuela De Auditores Del Peru,Escuela De Auditores Del Peru,1,TRUE
Escuela De Couching Integral Peru,Escuela De Couching Integral Peru,3,TRUE
Escuela De Edicion De Lima,Escuela De Edicion De Lima,1,TRUE
Escuela De Gestion Y Economia Gerens,Escuela De Gestion Y Economia Gerens,4,TRUE
Escuela De Gobierno Y Politicas Publicas De La Pucp,Escuela De Gobierno Y Politicas Publicas De La Pucp,1,TRUE
Escuela De Ingenieria De Senati,Escuela De Ingenieria De Senati,1,TRUE
Escuela De Marketing,Escuela De Marketing,1,TRUE
Escuela De Negocios Gesap,Escuela De Negocios Gesap,1,TRUE
Escuela De Posgrado Newman,Escuela De Posgrado Newman,1,TRUE
Escuela De Post Grado - Universidad San Ignacio De Loyola,Escuela De Post Grado - Universidad San Ignacio De Loyola,13,TRUE
Escuela De Post Grado - Universidad Tecnologica Del Peru,Escuela De Post Grado - Universidad Tecnologica Del Peru,4,TRUE
Escuela De Post Grado Utp,Escuela De Post Grado Utp,1,TRUE
Escuela De Postgrado,Escuela De Postgrado,1,TRUE
Escuela De Postgrado De La Upc,Escuela De Postgrado De La Upc,1,TRUE
Escuela De Postgrado Upc,Escuela De Postgrado Upc,2,TRUE
Escuela De Postgrado Utp,Escuela De Postgrado Utp,1,TRUE
Escuela De Recursos Humanos,Escuela De Recursos Humanos,1,TRUE
Escuela De Recursos Humanos - Erh,Escuela De Recursos Humanos - Erh,1,TRUE
Escuela Empresarial Del Peru,Escuela Empresarial Del Peru,4,TRUE
Escuela Empresarial Del Peru - Esep,Escuela Empresarial Del Peru - Esep,1,TRUE
Escuela Internacional De Aduanas Y Logistica,Escuela Internacional De Aduanas Y Logistica,1,TRUE
Escuela Internacional De Gerencia Eiger,Escuela Internacional De Gerencia Eiger,3,TRUE
Escuela Internacional De Gestion De Proyectos,Escuela Internacional De Gestion De Proyectos,1,TRUE
Escuela Internacional En Tecnologia Profesional Geg Corporation.,Escuela Internacional En Tecnologia Profesional Geg Corporation.,1,TRUE
Escuela John Hopkins,Escuela John Hopkins,1,TRUE
Escuela Nacional De Administracion Pubica,Escuela Nacional De Administracion Pubica,2,TRUE
Escuela Nacional De Archiveros,Escuela Nacional De Archiveros,1,TRUE
Escuela Nacional De Estudios Gubernamentales,Escuela Nacional De Estudios Gubernamentales,1,TRUE
Escuela Posgrado Continental,Escuela Posgrado Continental,1,TRUE
Escuela Superior De Marketing Adv Peru,Escuela Superior De Marketing Adv Peru,1,TRUE
Escuela Superior Politecnica De Chimborazo,Escuela Superior Politecnica De Chimborazo,1,TRUE
Escuela Superior Politecnica Del Litoral,Escuela Superior Politecnica Del Litoral,2,TRUE
Esic,Esic,2,TRUE
Eucim Business School,Eucim Business School,1,TRUE
European Business Schools - Eude,European Business Schools - Eude,1,TRUE
Europeanscrum.Org,Europeanscrum.Org,1,TRUE
Evangelische Hochschule Ludwigsburg,Evangelische Hochschule Ludwigsburg,1,TRUE
Everis,Everis,1,TRUE
Excelencia Humana,Excelencia Humana,1,TRUE
Exes,Exes,2,TRUE
Exin,Exin,7,TRUE
Extranjero,Extranjero,1,TRUE
F&Amp;M Consulting,F&Amp;M Consulting,1,TRUE
Fabrica De Fibra Optica Parks,Fabrica De Fibra Optica Parks,1,TRUE
Fide - Universidad Nacional Mayor De San Marcos,Fide - Universidad Nacional Mayor De San Marcos,1,TRUE
Florida Insternational University,Florida Insternational University,1,TRUE
Florida International University,Florida International University,2,TRUE
Formatec,Formatec,1,TRUE
Formatica Sac,Formatica Sac,1,TRUE
Formativa,Formativa,1,TRUE
Fortinet,Fortinet,1,TRUE
Fundacion Carlos Slim,Fundacion Carlos Slim,5,TRUE
Fundacion Movistar,Fundacion Movistar,1,TRUE
Fundacion Proem,Fundacion Proem,1,TRUE
Fundacion Romero,Fundacion Romero,2,TRUE
Fundacion San Marcos,Fundacion San Marcos,7,TRUE
Fundacion Telefonica,Fundacion Telefonica,2,TRUE
Fundacion Universitaria Claretiana,Fundacion Universitaria Claretiana,1,TRUE
Fundacion Universitaria Los Libertadores,Fundacion Universitaria Los Libertadores,1,TRUE
Fundet,Fundet,1,TRUE
Gaceta Laboral,Gaceta Laboral,2,TRUE
Galaxy Training,Galaxy Training,11,TRUE
Galaxy Training - Peru,Galaxy Training,1,FALSE
Gamor,Gamor,2,TRUE
General Assembly,General Assembly,1,TRUE
Gesap,Gesap,5,TRUE
Gescam - Consultores Asociados Sac,Gescam - Consultores Asociados Sac,1,TRUE
Global Hitss,Global Hitss,1,TRUE
Global Institute,Global Institute,1,TRUE
Global Lynx,Global Lynx,1,TRUE
Global Project Management,Global Project Management,3,TRUE
Global Trust Association,Global Trust Association,1,TRUE
Gmd,Gmd,2,TRUE
Google,Google,22,TRUE
Google - Iab Spain (Interactive Advertising Bureau),Google,1,FALSE
Google Activate,Google,5,FALSE
Google Career Certificates,Google,1,FALSE
Google Cloud Training - Coursera,Google,1,FALSE
Grap Peru Sac,Grap Peru Sac,1,TRUE
Grupo Carso,Grupo Carso,14,TRUE
Grupo E Y K,Grupo E Y K,1,TRUE
Grupo Emprender,Grupo Emprender,2,TRUE
Grupo Idat,Grupo Idat,1,TRUE
Grupo Lider World,Grupo Lider World,1,TRUE
Grupo Proyecta,Grupo Proyecta,1,TRUE
Grupo San Ignacio De Loyola,Grupo San Ignacio De Loyola,1,TRUE
Harvard Business School,Harvard Business School,1,TRUE
Harvard On Line,Harvard On Line,1,TRUE
Harvard University (Harvardx),Harvard University (Harvardx),1,TRUE
Harvard University (Ma),Harvard University (Ma),2,TRUE
Hekal,Hekal,1,TRUE
Herramientas De Gestion Protocolar,Herramientas De Gestion Protocolar,1,TRUE
Holberton School,Holberton School,1,TRUE
Huawei,Huawei,1,TRUE
Hubspot Academy,Hubspot Academy,1,TRUE
Hult International Business School,Hult International Business School,1,TRUE
I.S. T. Cibertec (Titulado),Instituto Cibertec,1,FALSE
I.S. T. P. Computronic,I.S. T. P. Computronic,1,TRUE
I.S.T. Abaco,I.S.T. Abaco,4,TRUE
I.S.T. Cesca,I.S.T. Cesca,1,TRUE
I.S.T. Mastertech,I.S.T. Mastertech,1,TRUE
I.S.T. Telesup,I.S.T. Telesup,1,TRUE
I.U De Tecnologia Y Administracion Industrial Iuta - Altos Mirandinos,I.U De Tecnologia Y Administracion Industrial Iuta - Altos Mirandinos,1,TRUE
I.U. De Tecnologia Americo Vespucio,I.U. De Tecnologia Americo Vespucio,1,TRUE
I.U. De Tecnologia Pedro Emilio Coll,I.U. De Tecnologia Pedro Emilio Coll,1,TRUE
Iab Spain,Iab Spain,2,TRUE
Iat (Sunat - Aduanas),Iat (Sunat - Aduanas),1,TRUE
Iberoamericano,Iberoamericano,1,TRUE
Ibm,Ibm,3,TRUE
Ibm Cognitive Class,Ibm Cognitive Class,1,TRUE
Ibm Learning,Ibm Learning,1,TRUE
Icam - Camara De Comercio De Lima,Icam - Camara De Comercio De Lima,2,TRUE
Ice School,Ice School,1,TRUE
Icpna,Icpna,7,TRUE
Idat,Instituto Superior Tecnologico Idat,67,FALSE
Iddea,Iddea,1,TRUE
Idec Vial,Idec Vial,1,TRUE
Ideou,Ideou,1,TRUE
Ie University,Ie University,1,TRUE
Iep,Iep,1,TRUE
Iestpj Julio C. Tello,Iestpj Julio C. Tello,1,TRUE
Ilen,Ilen,2,TRUE
Ilen &Amp; Mentors International Inc.,Ilen &Amp; Mentors International Inc.,1,TRUE
Ilustre Colegio De Abogados De Lima - Cal,Ilustre Colegio De Abogados De Lima - Cal,1,TRUE
Impechi,Impechi,1,TRUE
Inagep,Inagep,1,TRUE
Incae Business School,Incae Business School,4,TRUE
Inception Consulting,Inception Consulting,6,TRUE
Inco Group Consulting,Inco Group Consulting,1,TRUE
Indra,Indra,4,TRUE
Ingenio Learnig,Ingenio Learning,1,FALSE
Ingenio Learning,Ingenio Learning,12,TRUE
Ingenium,Ingenium,1,TRUE
Inictel - Esutel,Inictel - Esutel,1,TRUE
Inictel - Uni,Inictel - Uni,3,TRUE
Insituto Norbert Wiener,Insituto Norbert Wiener,1,TRUE
Inst Peruano De Computacion E Informatica Ipci,Inst Peruano De Computacion E Informatica Ipci,2,TRUE
Inst. De Ensenanza Sup. Del Ejercito Www.Iese.Edu.Ar,Inst. De Ensenanza Sup. Del Ejercito Www.Iese.Edu.Ar,1,TRUE
Inst. Desarrollo Humano,Inst. Desarrollo Humano,1,TRUE
Inst. Especializado En Gestion Agil De Proyectos,Inst. Especializado En Gestion Agil De Proyectos,1,TRUE
Inst. Latinoamericano De Cc.Ss.,Inst. Latinoamericano De Cc.Ss.,2,TRUE
Institut Superieur De La Logistique Et Du Transp,Institut Superieur De La Logistique Et Du Transp,2,TRUE
Instituto Adex,Instituto Adex,10,TRUE
Instituto Avansys - Grupo El Comercio,Instituto Avansys - Grupo El Comercio,5,TRUE
Instituto Centro Americano De Administracion De...,Instituto Centro Americano De Administracion De...,1,TRUE
Instituto Cibertec,Instituto Cibertec,111,TRUE
Instituto Cultural Peruano Norteamericano,Instituto Cultural Peruano Norteamericano,14,TRUE
Instituto Cultural Peruano Norteamericano (A-09),Instituto Cultural Peruano Norteamericano,1,FALSE
Instituto De Alta Tecnologia (Idat),Instituto Superior Tecnologico Idat,1,FALSE
Instituto De Ciencias Y Tecnologias,Instituto De Ciencias Y Tecnologias,2,TRUE
Instituto De Contadores Del Peru,Instituto De Contadores Del Peru,1,TRUE
Instituto De Direccion De Proyectos,Instituto De Direccion De Proyectos,1,TRUE
Instituto De Educacion Superior Leonardo Da Vinci - Trujillo,Instituto De Educacion Superior Leonardo Da Vinci - Trujillo,1,TRUE
Instituto De Educacion Superior Privado Certus,Instituto De Educacion Superior Privado Certus,1,TRUE
Instituto De Educacion Superior Privado Nuestra Senora Del Carmen,Instituto De Educacion Superior Privado Nuestra Senora Del Carmen,1,TRUE
Instituto De Educacion Superior Tecnologico Cesca,Instituto De Educacion Superior Tecnologico Cesca,1,TRUE
Instituto De Emprendedores - Usil,Instituto De Emprendedores - Usil,1,TRUE
Instituto De Empresa,Instituto De Empresa,2,TRUE
Instituto De Estudios Bursatiles De Madrid,Instituto De Estudios Bursatiles De Madrid,1,TRUE
Instituto De Estudios Europeos,Instituto De Estudios Europeos,1,TRUE
Instituto De Formacion Bancaria Ifb,Instituto De Formacion Bancaria Ifb,14,TRUE
Instituto De Idiomas De La Universidad Catolica,Instituto De Idiomas De La Universidad Catolica,4,TRUE
Instituto De La Calidad Pucp,Instituto De La Calidad Pucp,1,TRUE
Instituto De Secretariado Ela,Instituto De Secretariado Ela,1,TRUE
Instituto De Seguridad Minera - Isem,Instituto De Seguridad Minera - Isem,2,TRUE
Instituto Del Sur,Instituto Del Sur,1,TRUE
Instituto Del Sur (Arequipa),Instituto Del Sur (Arequipa),2,TRUE
Instituto Educacion Superior Tecnologico Oyon,Instituto Educacion Superior Tecnologico Oyon,1,TRUE
Instituto Especializado Gesap,Instituto Especializado Gesap,2,TRUE
Instituto Estadistico,Instituto Estadistico,6,TRUE
Instituto Euroidiomas,Instituto Euroidiomas,1,TRUE
Instituto Europeo De Posgrado,Instituto Europeo De Posgrado,7,TRUE
Instituto Europeo De Postgrado,Instituto Europeo De Postgrado,2,TRUE
Instituto Excelente Humana,Instituto Excelente Humana,1,TRUE
Instituto Gesap,Instituto Gesap,2,TRUE
Instituto Hegel,Instituto Hegel,1,TRUE
Instituto Latinoamericano De Empresas Y Negocios,Instituto Latinoamericano De Empresas Y Negocios,2,TRUE
Instituto Leo Design,Instituto Leo Design,1,TRUE
Instituto Nacional De Estadistica E Informatica,Instituto Nacional De Estadistica E Informatica,2,TRUE
Instituto Nacional De Investigacion Forense,Instituto Nacional De Investigacion Forense,1,TRUE
Instituto Nacional De Investigacion Y Capacitacion De Telecomunicaciones - Inictel,Instituto Nacional De Investigacion Y Capacitacion De Telecomunicaciones - Inictel,6,TRUE
Instituto Norbert Wiener,Instituto Norbert Wiener,1,TRUE
Instituto Para El Desarrollo Empresarial Y Administrativo - Idea,Instituto Para El Desarrollo Empresarial Y Administrativo - Idea,3,TRUE
Instituto Para La Calidad - Pucp,Instituto Para La Calidad - Pucp,1,TRUE
Instituto Para La Calidad Pucp,Instituto Para La Calidad Pucp,1,TRUE
Instituto Particular Britanico,Instituto Particular Britanico,1,TRUE
Instituto Peruano De Accion Empresarial - Ipae,Instituto Peruano De Accion Empresarial - Ipae,1,TRUE
Instituto Peruano De Administracion De Empresas - Ipae,Instituto Peruano De Accion Empresarial - Ipae,5,FALSE
Instituto Peruano De Gobierno - Ipeg,Instituto Peruano De Gobierno - Ipeg,1,TRUE
Instituto Peruano De Publicidad - Ipp,Instituto Peruano De Publicidad - Ipp,2,TRUE
Instituto Peruano De Seguro,Instituto Peruano De Seguro,1,TRUE
Instituto Raul Scalabrini Ortiz,Instituto Raul Scalabrini Ortiz,1,TRUE
Instituto Ricardo Palma,Instituto Ricardo Palma,1,TRUE
Instituto San Ignacio De La Loyola,Instituto San Ignacio De La Loyola,2,TRUE
Instituto San Ignacio De Loyola,Instituto San Ignacio De Loyola,5,TRUE
Instituto San Ignacio De Loyola - Isil,Instituto San Ignacio De Loyola,2,FALSE
Instituto Sise,Instituto Superior Sise,2,FALSE
Instituto Superior Cibertec,Instituto Cibertec,1,FALSE
Instituto Superior De Comunicacion Y Diseno Toulouse Lautrec,Instituto Superior De Comunicacion Y Diseno Toulouse Lautrec,16,TRUE
Instituto Superior Pedagogico Publico Nuestra Senora De Lourdes,Instituto Superior Pedagogico Publico Nuestra Senora De Lourdes,1,TRUE
Instituto Superior Sise,Instituto Superior Sise,30,TRUE
"Instituto Superior Tecnologico ""Cepea""","Instituto Superior Tecnologico ""Cepea""",1,TRUE
Instituto Superior Tecnologico Cevatec,Instituto Superior Tecnologico Cevatec,1,TRUE
Instituto Superior Tecnologico Cimas,Instituto Superior Tecnologico Cimas,2,TRUE
Instituto Superior Tecnologico Columbia,Instituto Superior Tecnologico Columbia,1,TRUE
Instituto Superior Tecnologico Continental,Instituto Superior Tecnologico Continental,3,TRUE
Instituto Superior Tecnologico De Comercio Exte...,Instituto Superior Tecnologico De Comercio Exte...,1,TRUE
Instituto Superior Tecnologico Idat,Instituto Superior Tecnologico Idat,1,TRUE
Instituto Superior Tecnologico Metropolitano,Instituto Superior Tecnologico Metropolitano,2,TRUE
Instituto Superior Tecnologico Privado Cibertec,Instituto Cibertec,1,FALSE
Instituto Superior Tecnologico Publico Jose Pardo,Instituto Superior Tecnologico Publico Jose Pardo,1,TRUE
Instituto Superiro Tecnologico Chincha,Instituto Superiro Tecnologico Chincha,1,TRUE
Instituto Tecnologico Del Norte,Instituto Tecnologico Del Norte,6,TRUE
Instituto Tecnologico Idat,Instituto Superior Tecnologico Idat,2,FALSE
Instituto Tecnologico Y De Estudios Superiores De Monterrey,Instituto Tecnologico Y De Estudios Superiores De Monterrey,16,TRUE
Instituto Telesup,Instituto Telesup,1,TRUE
Instituto Universitario Carlos Soublette,Instituto Universitario Carlos Soublette,1,TRUE
Instituto Universitario De Gerencia Y Tecnologia,Instituto Universitario De Gerencia Y Tecnologia,1,TRUE
Instituto Universitario De Nuevas Profesiones,Instituto Universitario De Nuevas Profesiones,1,TRUE
Instituto Universitario De Tecnologia Antonio Jose De Sucre,Instituto Universitario De Tecnologia Antonio Jose De Sucre,1,TRUE
Instituto Universitario De Tecnologia De Administracion Industrial,Instituto Universitario De Tecnologia De Administracion Industrial,1,TRUE
Instituto Universitario De Tecnologia De Administracion Industrial (I.U.T.A.),Instituto Universitario De Tecnologia De Administracion Industrial (I.U.T.A.),6,TRUE
Instituto Universitario De Tecnologia Industrial Rodolfo Loero Arismendi,Instituto Universitario De Tecnologia Industrial Rodolfo Loero Arismendi,4,TRUE
Instituto Universitario Politecnico Santiago Marino,Instituto Universitario Politecnico Santiago Marino,3,TRUE
Instituto Ziegel,Instituto Ziegel,1,TRUE
Inteci - Instituto De Profesiones Empresariales,Inteci - Instituto De Profesiones Empresariales,3,TRUE
Intelica Corp,Intelica Corp,1,TRUE
Interaction Design Foudation,Interaction Design Foudation,2,TRUE
Interactive Advertising Bureau,Interactive Advertising Bureau,1,TRUE
International Business School,International Business School,1,TRUE
Inttelmex It,Inttelmex It,5,TRUE
Ipad - Instituto Peruano De Arte Y Diseno,Ipad - Instituto Peruano De Arte Y Diseno,4,TRUE
Ipae,Instituto Peruano De Accion Empresarial - Ipae,13,FALSE
Ipae -Instituto Peruano De Accion Empresarial,Instituto Peruano De Accion Empresarial - Ipae,30,FALSE
Ipal,Ipal,2,TRUE
Ipappg,Ipappg,2,TRUE
Ipm - Instituto Peruano De Marketing,Ipm - Instituto Peruano De Marketing,12,TRUE
Isat,Isat,1,TRUE
Isead,Isead,1,TRUE
Isec Peru,Isec Peru,1,TRUE
Isil,Instituto San Ignacio De Loyola,98,FALSE
"Isil Tech, Instituto San Ignacio De Loyola",Instituto San Ignacio De Loyola,1,FALSE
Ist El Buen Pastor,Ist El Buen Pastor,1,TRUE
Ist Gilda Ballivian Rosado,Ist Gilda Ballivian Rosado,1,TRUE
Ist Poussin,Ist Poussin,1,TRUE
Istituto Europeo Di Design,Istituto Europeo Di Design,1,TRUE
Istp Julio Cesar Tello,Istp Julio Cesar Tello,1,TRUE
Istp-Julio Cesar Tello,Istp-Julio Cesar Tello,2,TRUE
Istqb,Istqb,6,TRUE
Istqb (R),Istqb (R),1,TRUE
Istqb(R) - International Software Testing Qualifications Board,Istqb(R) - International Software Testing Qualifications Board,2,TRUE
Itsystems,Itsystems,1,TRUE
Itsystems Systems,Itsystems Systems,1,TRUE
Iup Santiago Marino.,Iup Santiago Marino.,1,TRUE
J &Amp; J Data Mining Consulting,J &Amp; J Data Mining Consulting,1,TRUE
Jaime Figari ( Capitan De Aduanas- Sunat),Jaime Figari ( Capitan De Aduanas- Sunat),2,TRUE
Jb Enterprice Group,Jb Enterprise Group,1,FALSE
Jb Enterprise Group,Jb Enterprise Group,11,TRUE
Jb Group,Jb Enterprise Group,1,FALSE
Jb Group Enterprise,Jb Enterprise Group,1,FALSE
Jhons Hopkins University | Coursera,Jhons Hopkins University | Coursera,1,TRUE
Jose Faustino Sanchez Carrion,Jose Faustino Sanchez Carrion,2,TRUE
Junin Satipo,Junin Satipo,1,TRUE
Kaizen Certification,Kaizen Certification,2,TRUE
Kanban University,Kanban University,2,TRUE
Kbsoluciones,Kbsoluciones,1,TRUE
Kookmin University,Kookmin University,1,TRUE
Kunak Consulting,Kunak Consulting,1,TRUE
Kurios,Kurios,1,TRUE
La Calle - Escuela Creativa,La Calle - Escuela Creativa,1,TRUE
La Salle,Universidad La Salle De Barcelona,1,FALSE
La Salle - Universidad Ramon Llull,Universidad La Salle De Barcelona,3,FALSE
La Salle Barcelona - Ramon Llull,Universidad La Salle De Barcelona,2,FALSE
Laboratoria,Laboratoria,2,TRUE
Las Vegas Usa,Las Vegas Usa,1,TRUE
Laureate International Universities,Laureate International Universities,2,TRUE
Le Cordon Bleu Peru,Le Cordon Bleu Peru,1,TRUE
Leaders Training Group,Leaders Training Group,1,TRUE
Lean Six Sigma Institute,Lean Six Sigma Institute,1,TRUE
Learning,Learning,1,TRUE
Levo Learning Center,Levo Learning Center,1,TRUE
Licencias On Line,Licencias On Line,1,TRUE
Linkedin,Linkedin,6,TRUE
Linkedin Learning,Linkedin Learning,3,TRUE
Lloyd'S Register Quality Assurance,Lloyd'S Register Quality Assurance,1,TRUE
Lourtec,Lourtec,1,TRUE
Lp &Amp; Asociados,Lp &Amp; Asociados,1,TRUE
Ludus,Ludus,1,TRUE
Make It Real,Make It Real,1,TRUE
Mali,Mali,4,TRUE
Mambo,Mambo,1,TRUE
Management 3.0,Management 3.0,1,TRUE
Maria Rosario Araoz Pinto,Maria Rosario Araoz Pinto,1,TRUE
Marketeate Escuela,Marketeate Escuela,1,TRUE
Mas Ventas Training &Amp; Consulting,Mas Ventas Training &Amp; Consulting,1,TRUE
Massachusetts Inst. Of Technology,Massachusetts Inst. Of Technology,8,TRUE
Massachusetts Institute Of Technology,Massachusetts Institute Of Technology,1,TRUE
Master En Transformacion Digital Y Desarrollo De Negocio,Master En Transformacion Digital Y Desarrollo De Negocio,1,TRUE
Master Group,Master Group,1,TRUE
Mbs Montpellier Business School,Mbs Montpellier Business School,1,TRUE
Mcp,Mcp,5,TRUE
Mejorando.La,Mejorando.La,2,TRUE
Mg Digital Recruiting,Mg Digital Recruiting,1,TRUE
Miami Ad School Lima,Miami Ad School Lima,1,TRUE
Microsoft,Microsoft,13,TRUE
Microsoft - Edx,Microsoft,1,FALSE
Microsoft - Learning,Microsoft,1,FALSE
Microsoft Learn,Microsoft,2,FALSE
Microsoft Partner University,Microsoft,3,FALSE
Mik Consulting,Mik Consulting,1,TRUE
Ministerio De La Defensa,Ministerio De La Defensa,3,TRUE
Ministerio De Transporte,Ministerio De Transporte,1,TRUE
Miriada X,Miriada X,1,TRUE
Miriadax,Miriadax,1,TRUE
Miriadax - Fundacion Telefonica,Miriadax - Fundacion Telefonica,1,TRUE
Mit Professional Education,Mit Professional Education,3,TRUE
Mit Sloan School Of Management,Mit Sloan School Of Management,1,TRUE
Mitocode,Mitocode,7,TRUE
Mitocode Network,Mitocode Network,1,TRUE
Mitx,Mitx,1,TRUE
Mitx On Edx,Mitx On Edx,2,TRUE
Mott,Mott,3,TRUE
Mott Centro De Especializacion,Mott Centro De Especializacion,1,TRUE
Mott Centro De Especializacion Digital,Mott Centro De Especializacion Digital,3,TRUE
Negocios Internacionales,Negocios Internacionales,1,TRUE
Negzy,Negzy,2,TRUE
Netcomp,Netcomp,1,TRUE
Netec,Netec,9,TRUE
Netxpress,Netxpress,1,TRUE
Netzun,Netzun,7,TRUE
Neumann Business School,Neumann Business School,1,TRUE
New Horihorizons,New Horizons,1,FALSE
New Horizon,New Horizons,6,FALSE
New Horizons,New Horizons,40,TRUE
"New Horizons Computer Learning Centers, Inc.",New Horizons,1,FALSE
New Horizons Del Peru.,New Horizons,2,FALSE
New Horizons Institut,New Horizons,1,FALSE
New Horizons Peru,New Horizons,3,FALSE
New Horizont,New Horizons,2,FALSE
Next U,Next U,1,TRUE
Next University,Next University,1,TRUE
Nextech,Nextech,11,TRUE
Nextech Education Center,Nextech,5,FALSE
Nextu,Nextu,1,TRUE
Nits,Nits,1,TRUE
Northwestern University (Il),Northwestern University (Il),1,TRUE
Nova Southeastern University,Nova Southeastern University,1,TRUE
Oficina Nacional De Procesos Electorales,Oficina Nacional De Procesos Electorales,1,TRUE
Ogc,Ogc,1,TRUE
Online,Online,2,TRUE
Onpeduca,Onpeduca,1,TRUE
Opalo,Opalo,1,TRUE
Openwebinars,Openwebinars,1,TRUE
Opex Business Partner,Opex Business Partner,1,TRUE
Oracle Education,Oracle Education,2,TRUE
Oracle University,Oracle University,5,TRUE
Oreilly,Oreilly,1,TRUE
Osce,Osce,1,TRUE
Osenterprise,Osenterprise,1,TRUE
Oshacademy Latam,Oshacademy Latam,1,TRUE
Otra,Otra,1,TRUE
Otro,Otro,10,TRUE
Otros,Otros,21,TRUE
Owasp Foundation,Owasp Foundation,2,TRUE
Pacifico Business School,Pacifico Business School,1,TRUE
Pacifico Business School - Univ. Del Pacifico,Pacifico Business School - Univ. Del Pacifico,1,TRUE
Pad,Pad,12,TRUE
Pade,Pade,1,TRUE
Particular,Particular,1,TRUE
Pcleticia,Pcleticia,1,TRUE
Pebc,Pebc,1,TRUE
Pecb,Pecb,1,TRUE
Pecb - Canada,Pecb - Canada,1,TRUE
Peoplecert,Peoplecert,1,TRUE
Peru Linux,Peru Linux,1,TRUE
Pink Elephant,Pink Elephant,1,TRUE
Plataforma Udemy,Plataforma Udemy,1,TRUE
Platzi,Platzi,19,TRUE
Pluralsight,Pluralsight,2,TRUE
Pm Certifica,Pm Certifica,14,TRUE
Pm Certifica - Pmi Registered Education Provider,Pm Certifica,1,FALSE
Pmc,Pmc,6,TRUE
Pmc Grupo,Pmc Grupo,1,TRUE
Pmc Latam,Pmc Latam,5,TRUE
Pmcertifica,Pmcertifica,5,TRUE
Pmconsultant Latam S.A.C.,Pmconsultant Latam S.A.C.,2,TRUE
Pmg Academy,Pmg Academy,1,TRUE
Pmi,Pmi,8,TRUE
Pmo Global Alliance,Pmo Global Alliance,1,TRUE
Politecnico De Colombia,Politecnico De Colombia,1,TRUE
Pontificia Univerdidad Catolica Del Peru,Pontificia Universidad Catolica Del Peru,1,FALSE
Pontificia Universidad Catolica De Chile,Pontificia Universidad Catolica De Chile,1,TRUE
Pontificia Universidad Catolica Del Peru,Pontificia Universidad Catolica Del Peru,212,TRUE
Pontificia Universidad Catolica Del Peru - Pucp,Pontificia Universidad Catolica Del Peru,3,FALSE
Postgrado Universidad Peruana De Ciencias Aplicadas - Upc,Postgrado Universidad Peruana De Ciencias Aplicadas - Upc,1,TRUE
Power Bi Peru,Power Bi Peru,1,TRUE
Premium Cultural Institute,Premium Cultural Institute,1,TRUE
Prime Institute,Prime Institute,4,TRUE
Pro Escuela Grupo Edem,Pro Escuela Grupo Edem,2,TRUE
Profesional,Profesional,1,TRUE
Project Control,Project Control,1,TRUE
Project Management Institute,Project Management Institute,9,TRUE
Project Management Institute (Pmi),Project Management Institute (Pmi),1,TRUE
Project Management Instituto (Pmi),Project Management Instituto (Pmi),2,TRUE
Project Managment Institute,Project Managment Institute,1,TRUE
Projectum,Projectum,1,TRUE
Pucp,Pucp,2,TRUE
Pucp - Instituto Para La Calidad,Pucp - Instituto Para La Calidad,3,TRUE
Qlc,Qlc,4,TRUE
Qualita Education,Qualita Education,1,TRUE
Quality Learning Center,Quality Learning Center,6,TRUE
Quality Learning Center.,Quality Learning Center.,1,TRUE
R&Amp;M Certified Enterprise Group,R&Amp;M Certified Enterprise Group,2,TRUE
Real Systems,Real Systems,1,TRUE
Red Latina De Recursos Humanos,Red Latina De Recursos Humanos,1,TRUE
Red Latina De Rrhh,Red Latina De Rrhh,1,TRUE
Red Linux,Red Linux,1,TRUE
Redhat Peru,Redhat Peru,1,TRUE
Repensar,Repensar,1,TRUE
Repensar Educativo,Repensar Educativo,1,TRUE
Rimac Seguros S.A.C.,Rimac Seguros S.A.C.,1,TRUE
Rioja,Rioja,3,TRUE
Risk Consulting,Risk Consulting,1,TRUE
Rocketbot,Rocketbot,1,TRUE
Rules Cube,Rules Cube,1,TRUE
Ryc Consulting,Ryc Consulting,1,TRUE
Safe,Safe,1,TRUE
Safe Sale Agile,Safe Sale Agile,1,TRUE
Saint De Venezuela,Saint De Venezuela,1,TRUE
San Juan Bautista,San Juan Bautista,1,TRUE
Sao Paulo,Sao Paulo,1,TRUE
Sap,Sap,1,TRUE
Sapia,Sapia,1,TRUE
Scrum,Scrum,1,TRUE
Scrum Alliance,Scrum Alliance,7,TRUE
Scrum Manager,Scrum Manager,1,TRUE
Scrum Org.,Scrum Study,1,FALSE
Scrum Study,Scrum Study,9,TRUE
Scrum Study Certification,Scrum Study,2,FALSE
Scrum Study Org,Scrum Study,1,FALSE
Scrum.Org,Scrum Study,4,FALSE
Scrumstudy,Scrum Study,24,FALSE
Scum Study,Scrum Study,3,FALSE
Sebrae Brasil,Sebrae Brasil,1,TRUE
Seminarios Top,Seminarios Top,1,TRUE
Senati,Senati,8,TRUE
Senati - Chiclayo,Senati - Chiclayo,2,TRUE
Senati - Cusco,Senati - Cusco,1,TRUE
Senati - Programa Nacional De Informatica,Senati - Programa Nacional De Informatica,10,TRUE
Sencico,Sencico,1,TRUE
Sencico Escuela Superior Tecnica,Sencico Escuela Superior Tecnica,1,TRUE
Sgs,Sgs,1,TRUE
Sgs Academy,Sgs Academy,4,TRUE
Sidem,Sidem,1,TRUE
Siemens Training Center,Siemens Training Center,1,TRUE
Sissertel-Certmind,Sissertel-Certmind,1,TRUE
Sistemas Informaticos Del Valle,Sistemas Informaticos Del Valle,1,TRUE
Sistemas Uni,Sistemas Uni,17,TRUE
Sistemas Uni_Excel Avanzado,Sistemas Uni,1,FALSE
Sistemasuni,Sistemas Uni,4,FALSE
Sj Agile Consulting,Sj Agile Consulting,2,TRUE
Skill - Centro De Capacitacion,Skill - Centro De Capacitacion,2,TRUE
Skill Centro De Capacitacion,Skill Centro De Capacitacion,1,TRUE
Smart Data Consulting,Smart Data Consulting,3,TRUE
Social Data Consulting,Social Data Consulting,4,TRUE
Sociedad Nacional De Industrias,Sociedad Nacional De Industrias,1,TRUE
Sociedad Peruana De Desarrollo En Bienes Raices,Sociedad Peruana De Desarrollo En Bienes Raices,1,TRUE
Sollearn,Sollearn,1,TRUE
Sololearn,Sololearn,1,TRUE
Stanford University (Ca),Stanford University (Ca),1,TRUE
Step To Business,Step To Business,1,TRUE
Studyscrum,Studyscrum,1,TRUE
Sudesco Energy,Sudesco Energy,1,TRUE
Sydney College Of Business And Ti - Scbit,Sydney College Of Business And Ti - Scbit,2,TRUE
Sypsoft S.A.,Sypsoft S.A.,1,TRUE
Systematic S.A.,Systematic S.A.,1,TRUE
Talentus,Talentus,2,TRUE
Talma Training,Talma Training,1,TRUE
Tec Management,Tec Management,1,TRUE
Tech,Tech,1,TRUE
Tecnologico De Monterrey,Tecnologico De Monterrey,2,TRUE
Tecsel,Tecsel,1,TRUE
Tecsup,Tecsup,89,TRUE
Tecsup - Arequipa,Tecsup,2,FALSE
Telepsup,Telesup,1,FALSE
Telesup,Telesup,9,TRUE
"The City University Of New York, Queens College","The City University Of New York, Queens College",1,TRUE
The Open Group,The Open Group,1,TRUE
The Powermba,The Powermba,1,TRUE
The Sustainable Design School,The Sustainable Design School,1,TRUE
Thepowermba,Thepowermba,2,TRUE
Tismart,Tismart,1,TRUE
Titulado,Titulado,1,TRUE
Tkapacito,Tkapacito,1,TRUE
Todotic,Todotic,1,TRUE
Toulouse Lautrec,Instituto Superior De Comunicacion Y Diseno Toulouse Lautrec,1,FALSE
Tsoft,Tsoft,1,TRUE
U,U,1,TRUE
U. Adolfo Ibanez,U. Adolfo Ibanez,1,TRUE
U. N. Jose Faustino Sanchez Carrion,U. N. Jose Faustino Sanchez Carrion,1,TRUE
U.Continental,U.Continental,1,TRUE
U.N. Jose Faustino Sanchez Carrion,U.N. Jose Faustino Sanchez Carrion,1,TRUE
U.N. Pedro Ruiz Gallo,U.N. Pedro Ruiz Gallo,1,TRUE
U.N.I. - Facultad De Ingenieria Industrial Y De...,U.N.I. - Facultad De Ingenieria Industrial Y De...,1,TRUE
U.N.J.F.S.C,U.N.J.F.S.C,1,TRUE
Uap,Uap,1,TRUE
Ubits,Ubits,1,TRUE
Ucal,Ucal,7,TRUE
Ucam,Ucam,1,TRUE
Uci Universidad De La Ciencias Informaticas (Acm-Icpc Caribbean Finals),Uci Universidad De La Ciencias Informaticas (Acm-Icpc Caribbean Finals),1,TRUE
Ucic,Ucic,1,TRUE
Ucic - Interbank,Ucic - Interbank,2,TRUE
Ucss,Ucss,1,TRUE
Ucv,Ucv,2,TRUE
Ucv-Lima Norte,Ucv-Lima Norte,10,TRUE
Udacity,Udacity,1,TRUE
Udemy,Udemy,34,TRUE
Udemy (Videotutoriales Via Internet),Udemy,2,FALSE
Udemy (Virtual),Udemy,1,FALSE
Udemy Academy,Udemy,1,FALSE
Udemy E-Learning,Udemy,1,FALSE
Udemy For Business,Udemy,1,FALSE
Udep,Universidad De Piura,2,FALSE
Uedmi,Uedmi,1,TRUE
Uigv,Universidad Inca Garcilaso De La Vega,4,FALSE
Uiversidad Peruana Union,Uiversidad Peruana Union,1,TRUE
Uladech,Uladech,6,TRUE
Ultra Group,Ultra Group,1,TRUE
Umsm,Umsm,1,TRUE
Un. Jose Faustino Sanchez Carrion,Un. Jose Faustino Sanchez Carrion,2,TRUE
Uncp,Uncp,1,TRUE
Undac,Undac,1,TRUE
Unefa,Unefa,1,TRUE
Unfv Y Idat,Universidad Nacional Federico Villarreal,1,FALSE
Uni,Universidad Nacional De Ingenieria,6,FALSE
Uni. Nacional Autonoma De Mexico - Coursera,Uni. Nacional Autonoma De Mexico - Coursera,3,TRUE
Uni.Nac. Mayor De San Marcos,Universidad Nacional Mayor De San Marcos,1,FALSE
Unife,Universidad Femenina Del Sagrado Corazon,4,FALSE
Unir,Universidad Internacional De La Rioja,3,FALSE
Unir (Espana),Universidad Internacional De La Rioja,1,FALSE
Unir (Uni. De Rioja),Universidad Internacional De La Rioja,1,FALSE
Univ. Gran Mariscal De Ayacucho,Universidad Nororiental Gran Mariscal De Ayacucho,3,FALSE
Univ. Ramon Llul La Salle Sede Barcelona,Universidad La Salle De Barcelona,1,FALSE
Univ. Telesup,Universidad Privada Telesup,2,FALSE
Univ.Tecnologica Del Peru,Universidad Tecnologica Del Peru,1,FALSE
Univeridad Autonoma Del Peru,Universidad Autonoma Del Peru,11,FALSE
Univeridad De Lima,Universidad De Lima,5,FALSE
Univeridad Privada Del Norte,Universidad Privada Del Norte,19,FALSE
Universidad Agraria La Molina,Universidad Agraria La Molina,3,TRUE
Universidad Alas Peruanas,Universidad Alas Peruanas,59,TRUE
Universidad Alejandro De Humboldt,Universidad Alejandro De Humboldt,13,TRUE
Universidad Andina Del Cusco,Universidad Andina Del Cusco,3,TRUE
Universidad Anhembi Morumbi,Universidad Anhembi Morumbi,1,TRUE
Universidad Antonio Ruiz De Montoya,Universidad Antonio Ruiz De Montoya,2,TRUE
Universidad Austral,Universidad Austral,1,TRUE
Universidad Autonoma De Ica,Universidad Autonoma De Ica,1,TRUE
Universidad Autonoma Del Peru,Universidad Autonoma Del Peru,29,TRUE
Universidad Bicentenaria De Aragua,Universidad Bicentenaria De Aragua,3,TRUE
Universidad Bolivariana De Venezuela,Universidad Bolivariana De Venezuela,1,TRUE
Universidad Camilo Jose Cela,Universidad Camilo Jose Cela,1,TRUE
Universidad Cardenal Herrera (Ceu),Universidad Cardenal Herrera (Ceu),1,TRUE
Universidad Carlos Iii De Madrid,Universidad Carlos Iii De Madrid,2,TRUE
Universidad Catolica Andres Bello,Universidad Catolica Andres Bello,1,TRUE
Universidad Catolica De Chile,Universidad Catolica De Chile,4,TRUE
Universidad Catolica De Santa Maria - Arequipa,Universidad Catolica De Santa Maria - Arequipa,2,TRUE
Universidad Catolica De Trujillo Benedicto Xvi,Universidad Catolica De Trujillo Benedicto Xvi,1,TRUE
Universidad Catolica Del Peru,Universidad Catolica Del Peru,2,TRUE
Universidad Catolica Los Angeles De Chimbote,Universidad Catolica Los Angeles De Chimbote,4,TRUE
Universidad Catolica Portuguesa,Universidad Catolica Portuguesa,1,TRUE
Universidad Catolica San Antonio De Murcia,Universidad Catolica San Antonio De Murcia,4,TRUE
Universidad Catolica San Pablo,Universidad Catolica San Pablo,13,TRUE
Universidad Catolica Santa Maria,Universidad Catolica Santa Maria,3,TRUE
Universidad Catolica Santo Toribio De Mogrovejo,Universidad Catolica Santo Toribio De Mogrovejo,9,TRUE
Universidad Catolica Sedes Sapientiae,Universidad Catolica Sedes Sapientiae,6,TRUE
Universidad Central De Venezuela,Universidad Central De Venezuela,5,TRUE
Universidad Cesar Vallejo,Universidad Cesar Vallejo,115,TRUE
Universidad Cesar Vallejo - Chimbote,Universidad Cesar Vallejo,4,FALSE
Universidad Cesar Vallejo - Lima,Universidad Cesar Vallejo,4,FALSE
Universidad Cesar Vallejo - Lima Norte,Universidad Cesar Vallejo,4,FALSE
Universidad Cesar Vallejo - Piura,Universidad Cesar Vallejo,3,FALSE
Universidad Cesar Vallejo - Trujilllo,Universidad Cesar Vallejo,17,FALSE
Universidad Cesar Vallejo Lima - Norte,Universidad Cesar Vallejo,1,FALSE
Universidad Cesar Vallejo Lima Este 7Ciclo,Universidad Cesar Vallejo,2,FALSE
Universidad Cesar Vallejo Lima Norte,Universidad Cesar Vallejo,3,FALSE
Universidad Cientifica Del Sur,Universidad Cientifica Del Sur,57,TRUE
Universidad Cientifica Del Sur (Ucsur) - Lima.,Universidad Cientifica Del Sur,1,FALSE
Universidad Complutense De Madrid,Universidad Complutense De Madrid,2,TRUE
Universidad Continental,Universidad Continental,5,TRUE
Universidad Continental De Ciencias E Ingenieria,Universidad Continental De Ciencias E Ingenieria,19,TRUE
Universidad Continetal De Ciencia E Informaticas,Universidad Continental De Ciencias E Ingenieria,1,FALSE
Universidad De Alcala,Universidad De Alcala,2,TRUE
Universidad De Almeria,Universidad De Almeria,1,TRUE
Universidad De Barcelona,Universidad De Barcelona,1,TRUE
Universidad De Barcelona / Online,Universidad De Barcelona,9,FALSE
Universidad De Buenos Aires,Universidad De Buenos Aires,1,TRUE
Universidad De California - Berkeley,Universidad De California - Berkeley,1,TRUE
Universidad De Catalunya,Universidad De Catalunya,1,TRUE
Universidad De Ciencias Aplicadas,Universidad Peruana De Ciencias Aplicadas,3,FALSE
Universidad De Ciencias Aplicadas Upc,Universidad Peruana De Ciencias Aplicadas,3,FALSE
Universidad De Ciencias Y Humanidades,Universidad De Ciencias Y Humanidades,10,TRUE
Universidad De Costa Rica,Universidad De Costa Rica,3,TRUE
Universidad De Guadalajara,Universidad De Guadalajara,1,TRUE
Universidad De Huanuco,Universidad De Huanuco,2,TRUE
Universidad De Ingenieria Y Tecnologia - Utec,Universidad De Ingenieria Y Tecnologia - Utec,7,TRUE
Universidad De La Rioja,Universidad De La Rioja,6,TRUE
Universidad De Lambayeque,Universidad De Lambayeque,2,TRUE
Universidad De Las Americas,Universidad De Las Americas,3,TRUE
Universidad De Leon,Universidad De Leon,1,TRUE
Universidad De Lima,Universidad De Lima,116,TRUE
Universidad De Los Andes,Universidad De Los Andes,2,TRUE
Universidad De Margarita,Universidad De Margarita,2,TRUE
Universidad De Medellin,Universidad De Medellin,1,TRUE
Universidad De Monterrey,Universidad De Monterrey,1,TRUE
Universidad De Oriente,Universidad De Oriente,6,TRUE
Universidad De Palermo,Universidad De Palermo,1,TRUE
Universidad De Piura,Universidad De Piura,6,TRUE
Universidad De Piura - Campus Lima,Universidad De Piura,1,FALSE
Universidad De Piura (Lima),Universidad De Piura,1,FALSE
Universidad De Piura(Udep),Universidad De Piura,1,FALSE
Universidad De Quebec,Universidad De Quebec,2,TRUE
Universidad De Salamanca,Universidad De Salamanca,1,TRUE
Universidad De San Martin De Porres,Universidad De San Martin De Porres,100,TRUE
Universidad De San Pedro,Universidad De San Pedro,1,TRUE
Universidad De Santander,Universidad De Santander,1,TRUE
Universidad De Tarapaca,Universidad De Tarapaca,1,TRUE
Universidad De Virginia,Universidad De Virginia,2,TRUE
Universidad Del Azuay,Universidad Del Azuay,1,TRUE
Universidad Del Desarrollo,Universidad Del Desarrollo,1,TRUE
Universidad Del Pacifico,Universidad Del Pacifico,79,TRUE
Universidad Del Zulia,Universidad Del Zulia,1,TRUE
Universidad Eafit,Universidad Eafit,1,TRUE
Universidad Esan,Universidad Esan,172,TRUE
Universidad Europea De Madrid,Universidad Europea De Madrid,12,TRUE
Universidad Europea Del Atlantico,Universidad Europea Del Atlantico,4,TRUE
Universidad Experimental De Las Fuerzas Armadas,Universidad Experimental De Las Fuerzas Armadas,1,TRUE
Universidad Femenina Del Sagrado Corazon,Universidad Femenina Del Sagrado Corazon,6,TRUE
Universidad Femenina Del Sagrado Corazon - Unife,Universidad Femenina Del Sagrado Corazon,1,FALSE
Universidad Fermin Toro,Universidad Fermin Toro,1,TRUE
Universidad Inca Garcilaso De La Vega,Universidad Inca Garcilaso De La Vega,90,TRUE
Universidad Internacional De La Rioja,Universidad Internacional De La Rioja,1,TRUE
Universidad Internacional De La Rioja - Unir,Universidad Internacional De La Rioja,1,FALSE
Universidad Internacional De Valencia,Universidad Internacional De Valencia,5,TRUE
Universidad Jose Antonio Paez,Universidad Jose Antonio Paez,4,TRUE
Universidad Jose Faustino Sanchez Carrion,Universidad Nacional Jose Faustino Sanchez Carrion,4,FALSE
Universidad Jose Faustino Sanchez Carrion - Huacho,Universidad Nacional Jose Faustino Sanchez Carrion,6,FALSE
Universidad La Salle De Barcelona,Universidad La Salle De Barcelona,3,TRUE
Universidad Las Peruana Americas,Universidad Las Peruana Americas,2,TRUE
Universidad Los Angeles De Chimbote,Universidad Los Angeles De Chimbote,3,TRUE
Universidad Marcelino Champagnat,Universidad Marcelino Champagnat,2,TRUE
Universidad Mayor De San Marcos,Universidad Mayor De San Marcos,9,TRUE
Universidad Metropolitana,Universidad Metropolitana,4,TRUE
Universidad N. Wiener,Universidad Norbert Wiener,4,FALSE
Universidad Nac. Jose Faustino Sanchez Carrion,Universidad Nacional Jose Faustino Sanchez Carrion,1,FALSE
Universidad Nacional &Quot;Jose Faustino Sanchez Carrion&Quot;,Universidad Nacional Jose Faustino Sanchez Carrion,1,FALSE
Universidad Nacional Abierta,Universidad Nacional Abierta,2,TRUE
Universidad Nacional Agraria De La Selva,Universidad Nacional Agraria De La Selva,1,TRUE
Universidad Nacional Agraria La Molina,Universidad Nacional Agraria La Molina,24,TRUE
Universidad Nacional De Cajamarca,Universidad Nacional De Cajamarca,6,TRUE
Universidad Nacional De Callao,Universidad Nacional De Callao,7,TRUE
Universidad Nacional De Educacion Enrique Guzman Y Valle - La Cantuta,Universidad Nacional De Educacion Enrique Guzman Y Valle - La Cantuta,10,TRUE
Universidad Nacional De Ingenieria,Universidad Nacional De Ingenieria,132,TRUE
Universidad Nacional De Ingenieria - Ceps,Universidad Nacional De Ingenieria,2,FALSE
Universidad Nacional De La Amazonia Peruana,Universidad Nacional De La Amazonia Peruana,1,TRUE
Universidad Nacional De Moquegua,Universidad Nacional De Moquegua,2,TRUE
Universidad Nacional De Piura,Universidad Nacional De Piura,12,TRUE
Universidad Nacional De San Antonio Abad Del Cusco,Universidad Nacional De San Antonio Abad Del Cusco,2,TRUE
Universidad Nacional De San Aug,Universidad Nacional De San Aug,1,TRUE
Universidad Nacional De San Cristobal De Huamanga,Universidad Nacional De San Cristobal De Huamanga,3,TRUE
Universidad Nacional De San Martin,Universidad Nacional De San Martin,4,TRUE
Universidad Nacional De Trujillo,Universidad Nacional De Trujillo,22,TRUE
Universidad Nacional De Trujillo - Unt,Universidad Nacional De Trujillo,1,FALSE
Universidad Nacional De Trujilo,Universidad Nacional De Trujillo,3,FALSE
Universidad Nacional Del Altiplano - Puno,Universidad Nacional Del Altiplano - Puno,6,TRUE
Universidad Nacional Del Callao,Universidad Nacional Del Callao,58,TRUE
Universidad Nacional Del Centro Del Peru,Universidad Nacional Del Centro Del Peru,11,TRUE
Universidad Nacional Del Santa,Universidad Nacional Del Santa,8,TRUE
Universidad Nacional Exp Politecnica De La Fuerza Armada Nacional,Universidad Nacional Exp Politecnica De La Fuerza Armada Nacional,1,TRUE
Universidad Nacional Exp Romulo Gallegos,Universidad Nacional Exp Romulo Gallegos,2,TRUE
Universidad Nacional Experimental Politecnica Antonio Jose De Sucre,Universidad Nacional Experimental Politecnica Antonio Jose De Sucre,1,TRUE
Universidad Nacional Experimental Politecnica De La Fuerza Armada Nacional,Universidad Nacional Experimental Politecnica De La Fuerza Armada Nacional,3,TRUE
Universidad Nacional Experimental Romulo Gallegos,Universidad Nacional Experimental Romulo Gallegos,1,TRUE
Universidad Nacional Experimental Simon Bolivar,Universidad Nacional Experimental Simon Bolivar,2,TRUE
Universidad Nacional Expl Simon Rodriguez,Universidad Nacional Expl Simon Rodriguez,1,TRUE
Universidad Nacional Federico Villarreal,Universidad Nacional Federico Villarreal,109,TRUE
Universidad Nacional Hermilio Valdizan Huanuco,Universidad Nacional Hermilio Valdizan Huanuco,1,TRUE
Universidad Nacional Jorge Basadre Grohmann,Universidad Nacional Jorge Basadre Grohmann,1,TRUE
Universidad Nacional Jose F Sanchez Carrion,Universidad Nacional Jose Faustino Sanchez Carrion,1,FALSE
Universidad Nacional Jose Faustino,Universidad Nacional Jose Faustino Sanchez Carrion,1,FALSE
Universidad Nacional Jose Faustino Sanchez Carrion,Universidad Nacional Jose Faustino Sanchez Carrion,6,TRUE
Universidad Nacional Mayor De San Marcos,Universidad Nacional Mayor De San Marcos,176,TRUE
Universidad Nacional Mayor De San Marcos (Unmsm),Universidad Nacional Mayor De San Marcos,1,FALSE
Universidad Nacional Micaela Bastidas De Apurimac,Universidad Nacional Micaela Bastidas De Apurimac,4,TRUE
Universidad Nacional Pedro Ruiz Gallo,Universidad Nacional Pedro Ruiz Gallo,15,TRUE
Universidad Nacional Pedro Ruiz Gallo - Lambayeque,Universidad Nacional Pedro Ruiz Gallo,10,FALSE
Universidad Nacional San Agustin De Arequipa,Universidad Nacional San Agustin De Arequipa,12,TRUE
Universidad Nacional San Luis Gonzaga - Ica,Universidad Nacional San Luis Gonzaga - Ica,29,TRUE
Universidad Nacional San Luis Gonzaga De Ica,Universidad Nacional San Luis Gonzaga De Ica,6,TRUE
Universidad Nacional Tecnologica De Lima Sur,Universidad Nacional Tecnologica De Lima Sur,4,TRUE
Universidad Nacional Tecnologica Del Cono Sur De Lima (Untecs),Universidad Nacional Tecnologica De Lima Sur,1,FALSE
Universidad Norbert Wiener,Universidad Norbert Wiener,13,TRUE
Universidad Nororiental Gran Mariscal De Ayacucho,Universidad Nororiental Gran Mariscal De Ayacucho,1,TRUE
Universidad Particular Ricardo Palma,Universidad Particular Ricardo Palma,4,TRUE
Universidad Pedro Ruiz Gallo - Lambayeque,Universidad Pedro Ruiz Gallo - Lambayeque,1,TRUE
Universidad Peruana Cayetano Heredia,Universidad Peruana Cayetano Heredia,6,TRUE
Universidad Peruana De Ciencias Aplicadas,Universidad Peruana De Ciencias Aplicadas,347,TRUE
Universidad Peruana De Ciencias Aplicadas (Upc),Universidad Peruana De Ciencias Aplicadas,4,FALSE
Universidad Peruana De Ciencias E Informatica,Universidad Peruana De Ciencias E Informatica,7,TRUE
Universidad Peruana De Ciencias Informatica,Universidad Peruana De Ciencias E Informatica,1,FALSE
Universidad Peruana De Las Americas,Universidad Peruana De Las Americas,26,TRUE
Universidad Peruana Del Norte,Universidad Peruana Del Norte,1,TRUE
Universidad Peruana Del Oriente,Universidad Peruana Del Oriente,5,TRUE
Universidad Peruana Los Andes - Upla,Universidad Peruana Los Andes - Upla,12,TRUE
Universidad Peruana Simon Bolivar,Universidad Peruana Simon Bolivar,1,TRUE
Universidad Peruana Union,Universidad Peruana Union,2,TRUE
Universidad Peruana Union - Upeu,Universidad Peruana Union - Upeu,3,TRUE
Universidad Politecnica De Cataluna,Universidad Politecnica De Cataluna,6,TRUE
Universidad Politecnica De Catalunya - Espana,Universidad Politecnica De Catalunya - Espana,1,TRUE
Universidad Politecnica De Madrid,Universidad Politecnica De Madrid,1,TRUE
Universidad Politecnica De Valencia,Universidad Politecnica De Valencia,4,TRUE
Universidad Pontificia Bolivariana,Universidad Pontificia Bolivariana,2,TRUE
Universidad Pontificia Comillas (Icai-Icade),Universidad Pontificia Comillas (Icai-Icade),1,TRUE
Universidad Privada Ada A. Byron,Universidad Privada Ada A. Byron,5,TRUE
Universidad Privada Antenor Orrego,Universidad Privada Antenor Orrego,4,TRUE
Universidad Privada Antenor Orrego - Trujillo,Universidad Privada Antenor Orrego,19,FALSE
Universidad Privada Antenor Orrego - Upao,Universidad Privada Antenor Orrego,1,FALSE
Universidad Privada Cesar Vallejo,Universidad Cesar Vallejo,1,FALSE
Universidad Privada Cesar Vallejo - Trujillo,Universidad Cesar Vallejo,1,FALSE
Universidad Privada De Cienascias Aplicadas,Universidad Peruana De Ciencias Aplicadas,15,FALSE
Universidad Privada De Ciencias Aplicadas,Universidad Peruana De Ciencias Aplicadas,2,FALSE
Universidad Privada De Margarita,Universidad Privada De Margarita,1,TRUE
Universidad Privada De Piura,Universidad De Piura,28,FALSE
Universidad Privada De Pucallpa,Universidad Privada De Pucallpa,1,TRUE
Universidad Privada De Tacna,Universidad Privada De Tacna,6,TRUE
Universidad Privada Del Norte,Universidad Privada Del Norte,147,TRUE
Universidad Privada Del Norte - Upn,Universidad Privada Del Norte,1,FALSE
Universidad Privada Dr. Rafael Belloso Chacin,Universidad Privada Dr. Rafael Belloso Chacin,1,TRUE
Universidad Privada Franz Tamayo,Universidad Privada Franz Tamayo,1,TRUE
Universidad Privada Jose Antonio Paez,Universidad Privada Jose Antonio Paez,1,TRUE
Universidad Privada Juan Mejia Baca,Universidad Privada Juan Mejia Baca,1,TRUE
Universidad Privada Los Angeles - Chimbote,Universidad Privada Los Angeles - Chimbote,8,TRUE
Universidad Privada Nolbert Wiener,Universidad Norbert Wiener,1,FALSE
Universidad Privada Peruano Alemana,Universidad Privada Peruano Alemana,1,TRUE
Universidad Privada San Juan Bautista,Universidad Privada San Juan Bautista,33,TRUE
Universidad Privada San Pedro,Universidad Privada San Pedro,9,TRUE
Universidad Privada Sergio Bernales,Universidad Privada Sergio Bernales,1,TRUE
Universidad Privada Telesup,Universidad Privada Telesup,13,TRUE
Universidad Rafael Belloso Chacin,Universidad Rafael Belloso Chacin,1,TRUE
"Universidad Ramon Llul La Salle - Espana, Barcelona",Universidad La Salle De Barcelona,1,FALSE
"Universidad Ramon Llull - La Salle, Barcelona",Universidad La Salle De Barcelona,1,FALSE
Universidad Rey Juan Carlos,Universidad Rey Juan Carlos,3,TRUE
Universidad Ricardo Palma,Universidad Ricardo Palma,124,TRUE
Universidad Ricardo Palma - Urp,Universidad Ricardo Palma,1,FALSE
Universidad San Ignacio De Loyola,Universidad San Ignacio Del Loyola,95,FALSE
Universidad San Ignacio De Loyola - Usil,Universidad San Ignacio Del Loyola,3,FALSE
Universidad San Ignacio Del Loyola,Universidad San Ignacio Del Loyola,62,TRUE
Universidad San Juan Bautista,Universidad San Juan Bautista,1,TRUE
Universidad San Marcos,Universidad Nacional Mayor De San Marcos,1,FALSE
Universidad San Martin De Porres,Universidad De San Martin De Porres,5,FALSE
Universidad San Pedro,Universidad San Pedro,3,TRUE
Universidad Santa Maria,Universidad Santa Maria,3,TRUE
Universidad Santo Domingo De Guzman,Universidad Santo Domingo De Guzman,1,TRUE
Universidad Senor De Sipan,Universidad Senor De Sipan,11,TRUE
Universidad Tecnologica De Los Andes,Universidad Tecnologica De Los Andes,2,TRUE
Universidad Tecnologica De Puerto Cabello,Universidad Tecnologica De Puerto Cabello,1,TRUE
Universidad Tecnologica Del Peru,Universidad Tecnologica Del Peru,215,TRUE
Universidad Tecnologica Del Peru Utp,Universidad Tecnologica Del Peru,3,FALSE
Universidad Tecnologica Latinoamericana,Universidad Tecnologica Latinoamericana,1,TRUE
Universidad Tecnologica Nacional,Universidad Tecnologica Nacional,1,TRUE
Universidad Tecnologico Del Centro,Universidad Tecnologico Del Centro,1,TRUE
Universidad Tegnologica Del Peru,Universidad Tecnologica Del Peru,1,FALSE
Universidade Catolica De Brasilia,Universidade Catolica De Brasilia,1,TRUE
Universidade Federal Do Rio Grande Do Sul - Ufrgs,Universidade Federal Do Rio Grande Do Sul - Ufrgs,2,TRUE
Universita Degli Studi Di Cassino,Universita Degli Studi Di Cassino,1,TRUE
Universitat Autonoma De Barcelona,Universitat Autonoma De Barcelona,2,TRUE
Universitat De Barcelona,Universitat De Barcelona,3,TRUE
Universitat Obierta De Cataluniya,Universitat Obierta De Cataluniya,1,TRUE
Universitat Politecnica De Valencia,Universitat Politecnica De Valencia,1,TRUE
Universitat Ramon Llull,Universitat Ramon Llull,4,TRUE
Universite Catholique De Lyon,Universite Catholique De Lyon,1,TRUE
Universite Du Quebec A Montreal,Universite Du Quebec A Montreal,4,TRUE
University,University,1,TRUE
University Of California Berkeley,University Of California Berkeley,1,TRUE
University Of California San Diego,University Of California San Diego,1,TRUE
University Of Cambridge,University Of Cambridge,1,TRUE
University Of Pennsylvania,University Of Pennsylvania,1,TRUE
University Of Texas Austin,University Of Texas Austin,1,TRUE
University Of Victoria,University Of Victoria,2,TRUE
University Of Virginia,University Of Virginia,2,TRUE
University Of Virginia Darden School Of Business,University Of Virginia Darden School Of Business,1,TRUE
Univesidad Jose Faustino Sanchez Carrion,Universidad Nacional Jose Faustino Sanchez Carrion,1,FALSE
Univesidad Privada Cesar Vallejo,Universidad Cesar Vallejo,2,FALSE
Univesidad San Ignacio De Loyola,Universidad San Ignacio Del Loyola,1,FALSE
Unjfsc,Universidad Nacional Jose Faustino Sanchez Carrion,10,FALSE
Unmsm,Universidad Nacional Mayor De San Marcos,8,FALSE
Unp,Universidad Nacional De Piura,1,FALSE
Untecs,Universidad Nacional Tecnologica De Lima Sur,2,FALSE
Upao,Universidad Privada Antenor Orrego,2,FALSE
Upc,Universidad Peruana De Ciencias Aplicadas,137,FALSE
Upc - Epe,Universidad Peruana De Ciencias Aplicadas,1,FALSE
Upc - Universidad Peruana De Ciencias Aplicadas,Universidad Peruana De Ciencias Aplicadas,5,FALSE
Upci,Universidad Peruana De Ciencias E Informatica,2,FALSE
Upn,Universidad Privada Del Norte,2,FALSE
Upta Federico Brito Figueroa,Upta Federico Brito Figueroa,4,TRUE
Urjc,Universidad Rey Juan Carlos,4,FALSE
Usat,Universidad Catolica Santo Toribio De Mogrovejo,2,FALSE
Usil,Universidad San Ignacio Del Loyola,42,FALSE
Usil - Cpel,Universidad San Ignacio Del Loyola,1,FALSE
Usil - Modalidad Cpel,Universidad San Ignacio Del Loyola,1,FALSE
Usil - Universidad San Ignacio De Loyola,Universidad San Ignacio Del Loyola,1,FALSE
"Usmp- Facultad De Ciencias De La Comunicacion,...",Universidad De San Martin De Porres,1,FALSE
Utah State University,Utah State University,1,TRUE
Utec,Universidad De Ingenieria Y Tecnologia - Utec,1,FALSE
Utel,Utel,4,TRUE
Utp,Universidad Tecnologica Del Peru,84,FALSE
Valfrat It,Valfrat It,1,TRUE
Vanzys,Vanzys,1,TRUE
Villa El Salvador,Villa El Salvador,1,TRUE
Vmware,Vmware Learning,2,FALSE
Vmware Learning,Vmware Learning,1,TRUE
We Educacion Ejecutiva,We Educacion Ejecutiva,3,TRUE
We Ejecutiva,We Educacion Ejecutiva,1,FALSE
Web &Amp; Business Empire S.A.C.,Web &Amp; Business Empire S.A.C.,1,TRUE
Wernher Von Braun,Wernher Von Braun,1,TRUE
Wiener,Universidad Norbert Wiener,6,FALSE
Xerox Learning,Xerox Learning,2,TRUE
Zegel Ipae,Instituto Peruano De Accion Empresarial - Ipae,8,FALSE
